{"data": [{"item": "item1325", "end_period": 201807, "historical_demand": [0.0, 0.0, 0.0012, 0.0, 0.0024, 0.0113, 0.0017, 0.0241, 0.013999999999999999, 0.0067, 0.0664, 0.0376, 0.0039, 0.149, 0.0886, 0.6098, 1.0, 0.5662, 0.4552, 0.2862, 0.1194, 0.0778, 0.0787, 0.0462, 0.0438, 0.9504, 0.9694, 0.1584, 0.0792, 0.0508]}, {"item": "item2216", "end_period": 201806, "historical_demand": [0.0104, 0.0075, 0.0, 0.0075, 0.057999999999999996, 0.0598, 0.0, 0.0076, 0.0, 0.0106, 0.0403, 0.0464, 0.032433332999999995, 0.039711111, 0.039514815, 0.0, 0.0, 0.0056, 0.0006, 0.0023, 0.0008, 0.0, 0.004, 0.0024, 0.0129, 0.0, 0.0025, 0.008, 0.0119, 0.0005, 0.004, 0.0, 0.0029, 0.0077, 0.0182, 0.0267, 0.3698, 0.0, 0.0055, 1.0, 0.7766, 0.0], "similarity": 2.2676146208019623}, {"item": "item1272", "end_period": 201805, "historical_demand": [0.0, 0.0, 0.0187, 0.0218, 0.0, 0.011000000000000001, 0.010933333, 0.0, 0.0, 0.0218, 0.0, 0.0357, 0.0, 1.0, 0.0104, 0.0, 0.2135, 0.9027, 0.0109], "similarity": 2.326001290085904}, {"item": "item2227", "end_period": 201806, "historical_demand": [0.191, 0.1196, 0.142, 0.3009, 0.1135, 0.1258, 0.0031, 0.0452, 0.0444, 0.0906, 0.1807, 0.0425, 0.0413, 0.0, 0.0033, 0.03, 0.0239, 0.1738, 0.0256, 0.1357, 0.1542, 0.8632, 0.6551, 0.0683, 0.1409, 0.2803, 0.5654, 0.2882, 0.0069, 0.0149, 0.0047, 0.0251, 0.3525, 0.0286, 0.0095, 0.0186, 0.0, 0.018000000000000002, 0.0027, 0.6906, 1.0, 0.0], "similarity": 2.4643727295196234}]}